,0,1,2,3,4,5,6,7,8,9
0,2.0,2.0,2.0,2.0,1.0,1.0,1.0,4.0,1.0,1.0
1,1.0,3.0,2.0,2.0,2.0,1.0,2.0,4.0,2.0,2.0
2,0.0,4.0,2.0,1.0,1.0,2.0,1.0,4.0,2.0,1.0
3,2.0,3.0,1.0,1.0,0.0,2.0,1.0,2.0,1.0,2.0
4,3.0,3.0,1.0,1.0,1.0,1.0,2.0,3.0,1.0,3.0
5,0.0,4.0,2.0,0.0,1.0,2.0,2.0,4.0,1.0,2.0
6,2.0,3.0,1.0,1.0,2.0,1.0,1.0,4.0,2.0,1.0
7,2.0,4.0,2.0,0.0,2.0,2.0,2.0,4.0,2.0,2.0
8,2.0,4.0,1.0,1.0,2.0,0.0,1.0,4.0,2.0,1.0
9,1.0,4.0,1.0,2.0,3.0,1.0,1.0,2.0,2.0,1.0
10,2.0,2.0,1.0,2.0,2.0,2.0,1.0,4.0,0.0,2.0
11,1.0,4.0,1.0,2.0,1.0,2.0,1.0,2.0,1.0,2.0
12,0.0,3.0,1.0,1.0,1.0,2.0,1.0,2.0,1.0,1.0
13,2.0,2.0,1.0,2.0,2.0,3.0,2.0,2.0,1.0,2.0
14,1.0,5.0,3.0,2.0,2.0,4.0,2.0,2.0,2.0,2.0
15,2.0,4.0,1.0,2.0,2.0,2.0,1.0,4.0,1.0,1.0
16,2.0,3.0,2.0,1.0,1.0,2.0,3.0,3.0,2.0,2.0
17,2.0,4.0,1.0,2.0,3.0,1.0,2.0,4.0,2.0,2.0
18,3.0,3.0,1.0,2.0,2.0,2.0,2.0,4.0,2.0,2.0
19,0.0,4.0,2.0,2.0,2.0,3.0,1.0,3.0,2.0,1.0
20,3.0,3.0,2.0,2.0,1.0,1.0,2.0,2.0,2.0,2.0
21,2.0,3.0,2.0,2.0,2.0,1.0,2.0,5.0,1.0,2.0
22,1.0,3.0,3.0,3.0,1.0,1.0,1.0,2.0,1.0,1.0
23,1.0,4.0,3.0,3.0,1.0,2.0,2.0,3.0,1.0,2.0
24,3.0,4.0,2.0,1.0,1.0,3.0,3.0,3.0,2.0,1.0
25,2.0,3.0,1.0,3.0,2.0,2.0,2.0,3.0,0.0,2.0
26,1.0,3.0,1.0,2.0,3.0,3.0,1.0,3.0,1.0,1.0
27,3.0,3.0,1.0,2.0,1.0,2.0,2.0,3.0,2.0,2.0
28,2.0,3.0,1.0,2.0,2.0,2.0,2.0,3.0,2.0,2.0
29,2.0,4.0,2.0,2.0,2.0,2.0,1.0,4.0,3.0,1.0
30,2.0,4.0,2.0,2.0,3.0,2.0,1.0,3.0,2.0,1.0
31,0.0,2.0,0.0,0.0,2.0,2.0,1.0,3.0,1.0,1.0
32,2.0,2.0,2.0,1.0,2.0,0.0,2.0,4.0,1.0,1.0
33,1.0,3.0,2.0,0.0,1.0,1.0,1.0,2.0,2.0,0.0
34,0.0,2.0,1.0,1.0,2.0,1.0,1.0,3.0,-0.0,2.0
35,2.0,4.0,3.0,2.0,1.0,1.0,2.0,4.0,1.0,1.0
36,3.0,4.0,2.0,2.0,0.0,1.0,2.0,5.0,2.0,2.0
37,2.0,4.0,2.0,2.0,1.0,1.0,1.0,3.0,2.0,2.0
38,2.0,4.0,3.0,2.0,1.0,2.0,2.0,5.0,3.0,1.0
39,2.0,4.0,2.0,1.0,3.0,1.0,2.0,4.0,3.0,2.0
40,1.0,3.0,2.0,2.0,1.0,2.0,2.0,3.0,3.0,2.0
41,1.0,3.0,1.0,1.0,2.0,2.0,2.0,3.0,2.0,1.0
42,3.0,4.0,2.0,2.0,1.0,2.0,3.0,4.0,2.0,2.0
43,2.0,4.0,1.0,1.0,2.0,1.0,2.0,4.0,3.0,2.0
44,2.0,4.0,1.0,2.0,3.0,3.0,2.0,3.0,1.0,2.0
45,2.0,4.0,2.0,2.0,2.0,2.0,1.0,2.0,1.0,1.0
46,1.0,3.0,1.0,0.0,1.0,3.0,1.0,2.0,2.0,2.0
47,0.0,2.0,1.0,2.0,1.0,2.0,1.0,3.0,1.0,2.0
48,2.0,2.0,1.0,1.0,1.0,1.0,1.0,3.0,2.0,3.0
49,0.0,3.0,1.0,2.0,2.0,2.0,2.0,4.0,1.0,3.0
50,1.0,3.0,1.0,2.0,2.0,2.0,2.0,4.0,2.0,1.0
51,1.0,4.0,2.0,3.0,2.0,3.0,1.0,4.0,1.0,2.0
52,2.0,3.0,2.0,2.0,1.0,1.0,2.0,4.0,1.0,2.0
53,2.0,3.0,2.0,2.0,2.0,1.0,2.0,2.0,2.0,2.0
54,2.0,3.0,2.0,2.0,2.0,1.0,2.0,2.0,1.0,2.0
55,2.0,2.0,2.0,2.0,1.0,2.0,2.0,4.0,2.0,1.0
56,2.0,3.0,2.0,1.0,1.0,2.0,2.0,4.0,2.0,2.0
57,2.0,3.0,3.0,2.0,3.0,1.0,2.0,2.0,3.0,1.0
58,2.0,4.0,1.0,2.0,2.0,1.0,1.0,4.0,2.0,1.0
59,2.0,3.0,1.0,2.0,3.0,1.0,1.0,2.0,1.0,2.0
60,1.0,3.0,2.0,1.0,1.0,2.0,1.0,3.0,1.0,2.0
61,1.0,3.0,1.0,2.0,2.0,1.0,1.0,3.0,2.0,1.0
62,1.0,2.0,2.0,1.0,1.0,2.0,2.0,2.0,2.0,1.0
63,3.0,3.0,2.0,2.0,2.0,3.0,2.0,3.0,2.0,2.0
64,2.0,4.0,1.0,1.0,2.0,2.0,2.0,4.0,3.0,3.0
65,1.0,4.0,3.0,1.0,1.0,2.0,1.0,3.0,1.0,3.0
66,1.0,3.0,2.0,2.0,2.0,1.0,2.0,3.0,1.0,2.0
67,0.0,3.0,1.0,2.0,2.0,2.0,1.0,4.0,1.0,1.0
68,1.0,4.0,2.0,3.0,1.0,2.0,2.0,4.0,1.0,1.0
69,2.0,3.0,2.0,1.0,2.0,2.0,2.0,3.0,2.0,0.0
70,2.0,3.0,2.0,2.0,1.0,2.0,2.0,3.0,1.0,1.0
71,2.0,4.0,2.0,2.0,2.0,2.0,2.0,4.0,1.0,2.0
72,2.0,4.0,2.0,2.0,2.0,1.0,2.0,5.0,1.0,1.0
73,1.0,3.0,2.0,2.0,3.0,1.0,1.0,3.0,2.0,2.0
74,2.0,3.0,1.0,2.0,1.0,3.0,2.0,6.0,2.0,3.0
75,2.0,3.0,1.0,0.0,2.0,2.0,2.0,2.0,2.0,1.0
76,1.0,3.0,1.0,1.0,2.0,1.0,1.0,3.0,2.0,1.0
77,1.0,3.0,1.0,3.0,1.0,2.0,3.0,3.0,1.0,2.0
78,2.0,4.0,2.0,3.0,2.0,1.0,2.0,4.0,2.0,3.0
79,2.0,3.0,1.0,1.0,1.0,3.0,2.0,3.0,2.0,2.0
80,2.0,3.0,1.0,2.0,2.0,2.0,2.0,4.0,2.0,2.0
81,3.0,3.0,1.0,2.0,2.0,3.0,2.0,5.0,2.0,1.0
82,3.0,4.0,1.0,2.0,1.0,2.0,1.0,3.0,1.0,1.0
83,2.0,4.0,2.0,1.0,2.0,1.0,2.0,2.0,1.0,2.0
84,2.0,4.0,1.0,2.0,2.0,3.0,2.0,5.0,3.0,1.0
85,3.0,3.0,1.0,1.0,2.0,3.0,2.0,4.0,2.0,2.0
86,1.0,3.0,2.0,1.0,2.0,1.0,1.0,4.0,2.0,2.0
87,2.0,3.0,2.0,2.0,1.0,1.0,2.0,4.0,1.0,1.0
88,1.0,3.0,2.0,2.0,1.0,1.0,1.0,3.0,2.0,1.0
89,1.0,2.0,1.0,1.0,2.0,1.0,2.0,1.0,1.0,2.0
90,0.0,3.0,1.0,1.0,1.0,-0.0,2.0,2.0,1.0,0.0
91,2.0,4.0,3.0,2.0,2.0,1.0,2.0,3.0,2.0,3.0
92,2.0,2.0,2.0,1.0,2.0,2.0,2.0,4.0,3.0,2.0
93,2.0,3.0,2.0,2.0,2.0,1.0,2.0,4.0,2.0,2.0
94,2.0,3.0,1.0,0.0,1.0,1.0,2.0,2.0,0.0,1.0
95,1.0,3.0,1.0,1.0,1.0,1.0,1.0,3.0,1.0,1.0
96,1.0,3.0,2.0,2.0,1.0,0.0,1.0,2.0,1.0,2.0
97,1.0,2.0,1.0,1.0,1.0,1.0,1.0,4.0,2.0,0.0
98,2.0,4.0,3.0,3.0,3.0,1.0,2.0,4.0,3.0,2.0
99,0.0,3.0,1.0,2.0,2.0,0.0,1.0,3.0,2.0,2.0
100,2.0,2.0,2.0,3.0,1.0,2.0,1.0,2.0,1.0,1.0
101,2.0,3.0,1.0,2.0,1.0,2.0,2.0,3.0,2.0,1.0
102,1.0,1.0,1.0,2.0,1.0,1.0,1.0,3.0,1.0,2.0
103,0.0,2.0,1.0,2.0,1.0,1.0,2.0,4.0,2.0,1.0
104,1.0,3.0,0.0,2.0,2.0,2.0,0.0,2.0,2.0,1.0
105,2.0,2.0,2.0,2.0,2.0,3.0,2.0,3.0,2.0,2.0
106,2.0,2.0,1.0,2.0,0.0,1.0,2.0,3.0,0.0,3.0
107,-0.0,3.0,2.0,2.0,1.0,1.0,1.0,2.0,1.0,2.0
108,1.0,2.0,1.0,1.0,2.0,1.0,0.0,3.0,1.0,2.0
109,1.0,3.0,1.0,2.0,1.0,1.0,1.0,2.0,2.0,2.0
110,1.0,1.0,1.0,0.0,2.0,1.0,1.0,1.0,1.0,1.0
111,0.0,2.0,2.0,1.0,-0.0,0.0,1.0,1.0,0.0,0.0
112,1.0,1.0,0.0,2.0,1.0,1.0,2.0,2.0,1.0,2.0
113,1.0,2.0,1.0,1.0,1.0,1.0,1.0,0.0,2.0,-0.0
114,2.0,2.0,2.0,1.0,1.0,2.0,1.0,2.0,1.0,1.0
115,0.0,2.0,2.0,1.0,1.0,-0.0,2.0,2.0,1.0,1.0
116,1.0,1.0,0.0,1.0,1.0,1.0,2.0,2.0,1.0,1.0
117,1.0,2.0,1.0,2.0,1.0,0.0,1.0,3.0,2.0,2.0
118,2.0,2.0,2.0,1.0,1.0,1.0,1.0,3.0,-0.0,2.0
119,2.0,3.0,2.0,1.0,1.0,1.0,1.0,3.0,1.0,2.0
120,2.0,2.0,0.0,1.0,1.0,1.0,2.0,2.0,2.0,2.0
121,1.0,1.0,1.0,1.0,1.0,1.0,1.0,2.0,1.0,1.0
122,3.0,3.0,1.0,1.0,1.0,1.0,1.0,2.0,1.0,2.0
123,2.0,2.0,1.0,1.0,2.0,1.0,1.0,0.0,1.0,1.0
124,0.0,3.0,1.0,2.0,1.0,1.0,2.0,2.0,0.0,2.0
125,1.0,2.0,2.0,2.0,1.0,2.0,2.0,3.0,2.0,2.0
126,1.0,3.0,1.0,2.0,1.0,1.0,1.0,4.0,2.0,2.0
127,0.0,2.0,1.0,1.0,1.0,0.0,1.0,2.0,1.0,1.0
128,1.0,3.0,1.0,1.0,2.0,1.0,1.0,2.0,1.0,1.0
129,2.0,2.0,1.0,1.0,2.0,1.0,1.0,2.0,1.0,1.0
130,1.0,2.0,0.0,2.0,2.0,0.0,1.0,2.0,2.0,2.0
131,2.0,1.0,2.0,1.0,2.0,1.0,1.0,3.0,1.0,1.0
132,1.0,2.0,1.0,2.0,1.0,1.0,1.0,2.0,1.0,2.0
133,0.0,2.0,2.0,2.0,2.0,1.0,1.0,2.0,1.0,2.0
134,1.0,3.0,1.0,0.0,1.0,0.0,2.0,2.0,1.0,2.0
135,2.0,2.0,2.0,2.0,1.0,1.0,1.0,1.0,0.0,2.0
136,1.0,2.0,0.0,0.0,2.0,0.0,1.0,3.0,1.0,0.0
137,0.0,2.0,2.0,1.0,1.0,1.0,1.0,3.0,1.0,1.0
138,1.0,3.0,1.0,1.0,2.0,1.0,2.0,2.0,1.0,1.0
139,1.0,2.0,2.0,0.0,0.0,2.0,1.0,3.0,1.0,-0.0
140,1.0,2.0,1.0,0.0,0.0,1.0,1.0,3.0,1.0,1.0
141,1.0,2.0,1.0,1.0,1.0,1.0,1.0,2.0,1.0,1.0
142,2.0,2.0,2.0,1.0,1.0,1.0,1.0,3.0,0.0,2.0
143,1.0,2.0,2.0,0.0,1.0,1.0,2.0,2.0,-0.0,1.0
144,2.0,1.0,1.0,1.0,0.0,1.0,1.0,2.0,1.0,0.0
145,2.0,2.0,2.0,1.0,2.0,1.0,0.0,2.0,1.0,-0.0
146,1.0,2.0,1.0,0.0,1.0,1.0,0.0,2.0,2.0,1.0
147,2.0,2.0,1.0,1.0,1.0,1.0,1.0,2.0,2.0,2.0
148,2.0,2.0,0.0,0.0,2.0,0.0,1.0,3.0,1.0,2.0
149,2.0,4.0,1.0,1.0,2.0,1.0,2.0,2.0,1.0,3.0
150,1.0,2.0,1.0,2.0,1.0,2.0,2.0,3.0,0.0,1.0
151,1.0,2.0,1.0,2.0,0.0,2.0,2.0,2.0,1.0,2.0
152,1.0,2.0,0.0,2.0,0.0,1.0,0.0,1.0,1.0,1.0
153,1.0,2.0,1.0,1.0,1.0,2.0,2.0,2.0,2.0,1.0
154,2.0,3.0,1.0,2.0,2.0,1.0,1.0,2.0,0.0,0.0
155,1.0,3.0,2.0,1.0,2.0,2.0,1.0,3.0,1.0,-0.0
156,0.0,3.0,0.0,2.0,2.0,1.0,1.0,2.0,2.0,0.0
157,1.0,2.0,1.0,2.0,2.0,2.0,1.0,3.0,1.0,1.0
158,1.0,2.0,1.0,1.0,1.0,1.0,2.0,2.0,1.0,2.0
159,-0.0,2.0,1.0,3.0,1.0,1.0,1.0,2.0,1.0,2.0
160,1.0,1.0,2.0,1.0,2.0,1.0,2.0,2.0,1.0,1.0
161,2.0,2.0,0.0,1.0,1.0,1.0,1.0,3.0,2.0,1.0
162,1.0,3.0,1.0,2.0,1.0,2.0,2.0,2.0,2.0,0.0
163,1.0,2.0,2.0,1.0,2.0,2.0,-0.0,3.0,2.0,0.0
164,1.0,2.0,1.0,1.0,1.0,1.0,1.0,5.0,2.0,1.0
165,1.0,2.0,1.0,2.0,1.0,1.0,1.0,2.0,2.0,1.0
166,1.0,2.0,2.0,2.0,1.0,1.0,1.0,2.0,1.0,1.0
167,1.0,2.0,0.0,1.0,2.0,1.0,2.0,2.0,0.0,1.0
168,0.0,3.0,2.0,2.0,1.0,0.0,1.0,3.0,2.0,1.0
169,0.0,2.0,2.0,1.0,1.0,2.0,1.0,3.0,2.0,1.0
170,1.0,2.0,1.0,1.0,1.0,1.0,1.0,3.0,0.0,1.0
171,2.0,2.0,1.0,2.0,1.0,1.0,2.0,2.0,0.0,1.0
172,1.0,2.0,-0.0,1.0,1.0,1.0,1.0,2.0,1.0,2.0
173,2.0,2.0,1.0,0.0,1.0,0.0,2.0,2.0,1.0,1.0
174,0.0,2.0,-0.0,1.0,1.0,1.0,2.0,0.0,0.0,1.0
175,2.0,2.0,2.0,1.0,1.0,2.0,1.0,3.0,2.0,1.0
176,1.0,2.0,2.0,1.0,1.0,1.0,1.0,2.0,1.0,1.0
177,2.0,3.0,0.0,1.0,1.0,1.0,2.0,2.0,1.0,1.0
178,1.0,2.0,1.0,1.0,1.0,1.0,1.0,2.0,1.0,2.0
179,1.0,2.0,2.0,1.0,1.0,1.0,1.0,2.0,1.0,1.0
180,1.0,2.0,1.0,1.0,2.0,1.0,2.0,2.0,1.0,1.0
181,1.0,1.0,1.0,1.0,2.0,1.0,1.0,1.0,1.0,1.0
182,2.0,2.0,1.0,2.0,1.0,1.0,1.0,3.0,3.0,2.0
183,1.0,3.0,2.0,2.0,2.0,2.0,0.0,3.0,3.0,2.0
184,1.0,3.0,-0.0,1.0,1.0,2.0,2.0,2.0,2.0,1.0
185,2.0,2.0,2.0,2.0,1.0,2.0,1.0,2.0,1.0,1.0
186,2.0,4.0,1.0,3.0,1.0,0.0,1.0,2.0,0.0,1.0
187,1.0,3.0,1.0,2.0,1.0,2.0,1.0,3.0,1.0,1.0
188,1.0,2.0,1.0,1.0,1.0,2.0,1.0,1.0,1.0,0.0
189,1.0,2.0,1.0,1.0,2.0,1.0,1.0,3.0,1.0,2.0
190,1.0,3.0,1.0,1.0,1.0,0.0,1.0,1.0,1.0,2.0
191,2.0,4.0,2.0,2.0,2.0,1.0,1.0,3.0,0.0,2.0
192,1.0,3.0,1.0,1.0,2.0,1.0,2.0,2.0,1.0,2.0
193,1.0,3.0,1.0,2.0,1.0,1.0,2.0,1.0,1.0,1.0
194,0.0,3.0,2.0,2.0,1.0,1.0,2.0,2.0,2.0,1.0
195,1.0,3.0,0.0,2.0,1.0,1.0,1.0,2.0,2.0,2.0
196,2.0,2.0,1.0,3.0,2.0,1.0,1.0,2.0,2.0,2.0
197,0.0,2.0,2.0,2.0,2.0,1.0,1.0,3.0,2.0,0.0
198,1.0,3.0,2.0,2.0,1.0,2.0,1.0,3.0,2.0,1.0
199,1.0,2.0,1.0,2.0,1.0,1.0,1.0,3.0,1.0,1.0
